{"version":1,"hash":{"type":"Buffer","data":"7fRGZ0RQCTLFJaRfGrLLTxZnXWlrnDh23Ln6cVyO2YSKa8mzputIJOo9216v4nvDGiKPML7QXWeveLWFpRak7Oj97DevMhe7d/0cum6Vkh2CHkbi+uUkB1ilAmkiVXNynETMDLAhMma7JXZ7LuuVJJBALSrEuo4QM0gAY7rKawk="},"indexValueMap":{"5sFCWo7STlsaF/w5uVbqC7qIdTneEx2ZXRBm4rpNhc8=":{"valueMac":{"type":"Buffer","data":"6XqHv0Ob5PU94+4UIL5hXd9Q5iI3/FewNfvdLqTY7lE="}},"rtBdbkc7lbJEpv5hOWhycsqwBHQPDHMaXkpkEOzzzc8=":{"valueMac":{"type":"Buffer","data":"eIP32AX2Trni09p5tF2MTbP2nhmrUCOlq7cl/vzDoSQ="}},"RIIMCcinwnMyHvIiAZ3+drjEeh/xNdRXAxJJEMDSNk8=":{"valueMac":{"type":"Buffer","data":"WGXmN1Jrvts8gGT8qLnd8didLHow1W352/5T98AMwcQ="}},"G6ilnhaCGoycqV+p0dYcJ5UCiXi7G1jfadjGVdahG68=":{"valueMac":{"type":"Buffer","data":"H1QTPrZFHxGZvWFnZpBHSGznloKvwYmHWEK5CRa3WQk="}},"7QwfuV0MwHchWJ/v+NHG6MDXHBPO43gd52FTdL2/7Lg=":{"valueMac":{"type":"Buffer","data":"XtsNgJG66J5S/Uo9rGaD8NZmZM08tZupyUaFEZzypTA="}}}}