{"version":1,"hash":{"type":"Buffer","data":"q+1xCvvuvjAwZ1+HigqCp5tb51VtKF9pXJRx8S+WLyXP6iY/glHQy1DegoA3fvwZEI4SZieCSXmkG4p2nrui8y28yqaq6u8286bLhVhYkdoLGZ2AMgHR25Kaey+V6de2U0sEhc+mArTpiLUKqvltEOddTwsPGSe06DbTPHfIXNg="},"indexValueMap":{"ZYjQ6madmVcf+nmP1Eb6W34EMUROHyk42vzYPs8aHKw=":{"valueMac":{"type":"Buffer","data":"tEpXdSllYPRea7i8jL5XkcgZrwSMF1pwIw+WdbqQolI="}},"Ao/HKQudfPkhxBl4ZX6UuDZ4Os2Zkrcwn9ChWUERiNM=":{"valueMac":{"type":"Buffer","data":"T9r6ws3WQgjjCU2k3AU+fxgChZqdxRxyjEEjLf03zBY="}},"T1jVwHx6Yig3gD7c0Q9s7Jd01t/8nSWoxo9/R6Kx3sY=":{"valueMac":{"type":"Buffer","data":"tp6LuJtbWAaua5HmjEmYKvYx519q5OapCTxG/piQj48="}},"UQEdoYUunnFf/374szhHM4vJCD+0crj49ZAnpTOQe5A=":{"valueMac":{"type":"Buffer","data":"W4go0WuTOWOLiA4p1dvrsR9Rc+NWattCM5pXE+EwOY0="}},"+VAQZOQPD3G7bVapWSHlD3332jWADUa2CFL/tNebJrk=":{"valueMac":{"type":"Buffer","data":"zXgWUXWPXXzUiqYjkiCrIyGjlprv2y5E+7mlfRuv+bo="}},"xyEeFwc09G5vEnHp+sCEqQ+pqOOmsdI7qN9AoD13/M8=":{"valueMac":{"type":"Buffer","data":"dimKI5FM81XXyKnOcZDZjuWrqPR5322U3cAbhK4lAHc="}},"AsyLIMiBzHR/rhyfNpJqHU9EEdTJI4puGGRZdLHdnEQ=":{"valueMac":{"type":"Buffer","data":"cRnbyCufsWOiQXwEEVyVTfuKOZff5bzq7kyuxaySEfY="}},"ZJ5KG6t60/tuLP8Hl3OsxXNBMi2ioTXNBkFKmeztZbs=":{"valueMac":{"type":"Buffer","data":"X42egGgPl8HmSUFVgqn43TfhjACzd2UV5ZDx+M1ieL0="}},"0vL7tWstUvwL8JlMDs8N+B58DFWe0Rt3D+RS/EfOpqM=":{"valueMac":{"type":"Buffer","data":"/nNkBIQXPt/mHdpCaiQKyuo0IS+18a1Kgj2bRiRv6jI="}},"zjqPv28MW6ENZ8Pn0h9JpPRRV49oi4fgvxOcQBme8Y8=":{"valueMac":{"type":"Buffer","data":"uH1SXLg6Kobfw4iNIz2Y8GgH6mtV50Aeh+w37RgvtNE="}},"co4BKZGQGHKJCBT/kvsh0LT3lnjWcX26KyjtCp71Zkc=":{"valueMac":{"type":"Buffer","data":"RfvzH/tlJCvyWBm77A6EuEyHXbdPSm22xo5PwIvunnY="}},"puSIXoKEc4RinGlUsLuBPHATmzTbzUjBgL34Qirwlwg=":{"valueMac":{"type":"Buffer","data":"WzkR+fcxk0Rz2f4DN3KM53qnovuLU3KPVdjMzAt8Vng="}},"U+BEBsS2ZO4rbCDGYlqX3EFkjqOcQvn6G6JGbN4DJBw=":{"valueMac":{"type":"Buffer","data":"J8ibmtzxIaehiyww4YTWvSubPCYDo4qUzKiczqst6zk="}},"PjCOCW6abjPDiw2GjGXHhS4yWvRLLt2HhAtL6BRpNHo=":{"valueMac":{"type":"Buffer","data":"jHwnK3SWtytZBUsDcI9OPanuACE+t0DHcPj8aYyUVSU="}},"67cisgVHcfHRGwPSZLR6i6meQMjyGuewTf2v+GeVMkM=":{"valueMac":{"type":"Buffer","data":"yZxzX3sHeGF/gyHMXcJAhOYqWH6BSvq9kIjy7hzEYqA="}},"1U7ixcJLb5NMzF8htcB0QLGXaQ5HBY4eo9vFTzW73HE=":{"valueMac":{"type":"Buffer","data":"+4a1v3Rj0ZftCBCJxMW1ppYMXyv+n6RT7qRBxLW/nmo="}},"PGF5A4htEhIR9v4EX2Drk2HKBaCvskUfyHnu03Td9Vc=":{"valueMac":{"type":"Buffer","data":"BEAdslMvBFrWhMCRQX5+QAZh5F0/FKq7yQUQFCT6nVQ="}},"eQpOBfLV3sZnrnCkOAEH0e4Cr06Q/W2qa0Oz0EqBJpE=":{"valueMac":{"type":"Buffer","data":"PPPggQvId4L5NGbhQRfkmP6Uvr49zc4PolLPLb7RGPc="}}}}