{"noiseKey":{"private":{"type":"Buffer","data":"WIUF/VJUadVyx0UwB8maIasNA0ubkeVndYy91PF0rVw="},"public":{"type":"Buffer","data":"UH64ywcNqiefZvDyPXuxiHxWrkiTSOQwvTKMvcq1OnY="}},"signedIdentityKey":{"private":{"type":"Buffer","data":"wLPKFCLehN6cl3ynPC2AjJRYGxZUWWITcUIjxR2K/nw="},"public":{"type":"Buffer","data":"77xNarEubnthsqF6+Gnn0sJERyNWXIvz20dMWBPsLmc="}},"signedPreKey":{"keyPair":{"private":{"type":"Buffer","data":"ePMbLmXCNVKb8XYcn03gjWAh0nj3dre6QgHCpNRvc3Y="},"public":{"type":"Buffer","data":"tkNTyGO0Y9kIKpsMvWnuVBDpSxevZ+OSC0z5Yvd3GCg="}},"signature":{"type":"Buffer","data":"DOchYmPxN5FOVRwRBI7/+ZeH4o8WXVn5qWvcAXRpTV2HLd3FsHackq3MrgBhVDQoLIpG1jkLyO/tiwi42hp8AA=="},"keyId":1},"registrationId":71,"advSecretKey":"oAtonv79u1xzvsm+Xjokrwrsye1tee1ZuKogUHyfP+Q=","processedHistoryMessages":[{"key":{"remoteJid":"6283805279906@s.whatsapp.net","fromMe":true,"id":"0C456FB90ECC815877B41E1C72472CEA"},"messageTimestamp":1664466763},{"key":{"remoteJid":"6283805279906@s.whatsapp.net","fromMe":true,"id":"A5C437D09323ABF5290F4BD0EC7A689D"},"messageTimestamp":1664466764},{"key":{"remoteJid":"6283805279906@s.whatsapp.net","fromMe":true,"id":"A55F03DF8778F0B37D01265929A83B2C"},"messageTimestamp":1664466771}],"nextPreKeyId":31,"firstUnuploadedPreKeyId":31,"accountSyncCounter":1,"accountSettings":{"unarchiveChats":false},"account":{"details":"CJCb/bcBEMX+1pkGGAE=","accountSignatureKey":"d2rsnEYM7ea/bg6BFd01E4ilzU25bcNOoKym7lYScUA=","accountSignature":"lvTNVYpF4nvchkj60UMxA8PGYmQJ5ji4w/tiJfbrWnTxbgJ0rdSbNHqM+TPalcC4HVCVragN82jfX5707X/lDg==","deviceSignature":"Me46eTloEwcWokG6g/d6DSfBV6M/JoStd6tDAmLpkSI9mGROICwpPrF19fmoo67rB5mMatXsHb1BvWlWmUozAw=="},"me":{"id":"6283805279906:5@s.whatsapp.net","name":"."},"signalIdentities":[{"identifier":{"name":"6283805279906:5@s.whatsapp.net","deviceId":0},"identifierKey":{"type":"Buffer","data":"BXdq7JxGDO3mv24OgRXdNROIpc1NuW3DTqCspu5WEnFA"}}],"platform":"android","lastAccountSyncTimestamp":1664466760,"myAppStateKeyId":"AAAAAM3K"}