{"_sessions":{"BWy+HfiyMdqhv/SNj9f9pUD5pvOShsEVzJccMYYGI3Ei":{"registrationId":2109862478,"currentRatchet":{"ephemeralKeyPair":{"pubKey":"BZPiTfzTcQEVrES/RIr1O4wIU+gilmV9hGgrUxknVbBX","privKey":"qOy/CIhwoH2Go5dqf0JnxzzVohUA+kXZI+hx4ak4sHY="},"lastRemoteEphemeralKey":"BZNItpsCp2/Tya2svbQkbpUnDiXoCPHr81izr0lblYR4","previousCounter":0,"rootKey":"vkbpruj/AiVX9Uxazre6kdfT3W5T29w18zURPxyEl84="},"indexInfo":{"baseKey":"BWy+HfiyMdqhv/SNj9f9pUD5pvOShsEVzJccMYYGI3Ei","baseKeyType":1,"closed":-1,"used":1664466786215,"created":1664466786215,"remoteIdentityKey":"Bdhi7eEribcdTfxd8hlM1ZCgbSjcqgJ3zSqaXLTnGIZ8"},"_chains":{"BZPiTfzTcQEVrES/RIr1O4wIU+gilmV9hGgrUxknVbBX":{"chainKey":{"counter":0,"key":"cGW7PdE6vATI4DwoBb9mT7uFm+KS5kq0c5sNgeFQAt8="},"chainType":1,"messageKeys":{}}},"pendingPreKey":{"signedKeyId":0,"baseKey":"BWy+HfiyMdqhv/SNj9f9pUD5pvOShsEVzJccMYYGI3Ei","preKeyId":1223473}}},"version":"v1"}