{"_sessions":{"BeLezKowjqhupam8kaCWjoypZ5BPYF9j6i5jBOOHpfUN":{"registrationId":149524826,"currentRatchet":{"ephemeralKeyPair":{"pubKey":"BX6wAUsDDPIRV/LzETCrZpIDX0EieGrJQkHNF3vNRDd6","privKey":"ALvigbR5bkz5bm4drXxVs+hujBEXjhvx6ImGSPPOCHQ="},"lastRemoteEphemeralKey":"BcLXlfgtg8xULRI+WDS/kLldWRBFDVkiRiPynO/27jdW","previousCounter":0,"rootKey":"FvMIs7UfYIV0g+x5VS5s4L7A5qtcuFkIbhTjFULTnNs="},"indexInfo":{"baseKey":"BeLezKowjqhupam8kaCWjoypZ5BPYF9j6i5jBOOHpfUN","baseKeyType":2,"closed":-1,"used":1664466859786,"created":1664466763123,"remoteIdentityKey":"BXdq7JxGDO3mv24OgRXdNROIpc1NuW3DTqCspu5WEnFA"},"_chains":{"BVUWiK3wFDLJjhFtoPIFhKGIOIJ2LKPzy6rnbeGmwBtb":{"chainKey":{"counter":8},"chainType":2,"messageKeys":{}},"BcLXlfgtg8xULRI+WDS/kLldWRBFDVkiRiPynO/27jdW":{"chainKey":{"counter":0,"key":"AfhF4bdykV+94AXInaOtU5U/wDPW18nLo+XjDTL89Wo="},"chainType":2,"messageKeys":{}},"BX6wAUsDDPIRV/LzETCrZpIDX0EieGrJQkHNF3vNRDd6":{"chainKey":{"counter":-1,"key":"mA6PZQR9lsYN2F4Gwa59a+4nQXsqXuwEDCHYqDD8Big="},"chainType":1,"messageKeys":{}}}}},"version":"v1"}